Date,Price,Open,High,Low,Vol.,Change ,RSI,Date2
1/1/2022,47738,46217.5,47917.6,46217.5,31.24,32900.00%,42.78890287,1/1/2022
1/2/2022,47312,47738.7,47944.9,46718.2,27.02,-8900.00%,40.28994793,1/2/2022
1/3/2022,46430,47293.9,47556,45704,41.06,-18600.00%,38.6553618,1/3/2022
1/4/2022,45837,46435.7,47505.4,45602.1,55.59,-12800.00%,32.82445811,1/4/2022
1/5/2022,43426,45833.1,47019.4,42535.1,83.74,-52600.00%,32.11473047,1/5/2022
1/6/2022,43098,43431.6,43772.3,42481.1,63.08,-7600.00%,28.92938859,1/6/2022
1/7/2022,41547,43097.9,43127.7,40810,88.36,-36000.00%,29.53598807,1/7/2022
1/8/2022,41672,41551.3,42304.4,40574.3,52.54,3000.00%,30.43627747,1/8/2022
1/9/2022,41848,41681.2,42764.4,41260.9,37.51,4200.00%,30.39825368,1/9/2022
1/10/2022,41832,41848.9,42243.8,39697,85.5,-400.00%,35.30007143,1/10/2022
1/11/2022,42733,41829.1,43090.2,41287.6,61.78,21500.00%,41.09188878,1/11/2022
1/12/2022,43901,42735,44243.6,42476.7,53.95,27300.00%,36.99694844,1/12/2022
1/13/2022,42560,43900,44404.7,42337.5,53.42,-30500.00%,39.48152685,1/13/2022
1/14/2022,43073,42562.2,43435.1,41848.7,50.5,12100.00%,39.60153082,1/14/2022
1/15/2022,43097,43073.6,43777.9,42586.1,31.44,600.00%,39.5382065,1/15/2022
1/16/2022,43079,43079.2,43462,42643.3,28.66,-400.00%,36.50022217,1/16/2022
1/17/2022,42209,43080.5,43179.6,41559.4,41.44,-20200.00%,37.42862044,1/17/2022
1/18/2022,42365,42209.9,42674.2,41300.7,47.32,3700.00%,35.00163448,1/18/2022
1/19/2022,41678,42365.3,42558,41160.9,53.77,-16200.00%,31.88390802,1/19/2022
1/20/2022,40716,41683.6,43487.1,40568.3,65.28,-23100.00%,22.40941972,1/20/2022
1/21/2022,36476,40698.1,41104.6,35503.9,155.8,-104100.00%,20.26643739,1/21/2022
1/22/2022,35075,36467.7,36749.8,34116,138.09,-38400.00%,26.70483453,1/22/2022
1/23/2022,36270,35072.9,36513,34655.2,70.43,34000.00%,28.85845896,1/23/2022
1/24/2022,36686,36268.6,37424,32985.6,153.77,11500.00%,30.26414394,1/24/2022
1/25/2022,36951,36691.3,37501.8,35729.3,79.68,7200.00%,29.90158823,1/25/2022
1/26/2022,36800,36962.3,38862.6,36280,107.87,-4100.00%,32.01587072,1/26/2022
1/27/2022,37164,36800.1,37215.4,35543.2,83.52,9900.00%,35.36683421,1/27/2022
1/28/2022,37745,37195.6,37995.9,36176.5,69.45,15600.00%,37.78816067,1/28/2022
1/29/2022,38171,37736.5,38663.7,37350.2,42.77,11300.00%,36.90392887,1/29/2022
1/30/2022,37918,38167.5,38313.3,37390.6,34.1,-6600.00%,40.35553189,1/30/2022
1/31/2022,38499,37923.8,38701.4,36672.8,61.27,15300.00%,41.60488739,1/31/2022
2/1/2022,38710,38475.6,39230,38037.9,55.2,5500.00%,34.82816011,2/1/2022
2/2/2022,36890,38711.2,38853.8,36682.3,53.74,-47000.00%,37.23575992,2/2/2022
2/3/2022,37288,36890.2,37304.3,36297.3,50.35,10800.00%,56.04217126,2/3/2022
2/4/2022,41568,37287.8,41689,37041.1,95.49,114800.00%,55.39069887,2/4/2022
2/5/2022,41412,41566.5,41899.8,40963.3,46.32,-3700.00%,58.64317704,2/5/2022
2/6/2022,42392,41411.9,42614.8,41176.3,31.2,23700.00%,62.92646115,2/6/2022
2/7/2022,43834,42385.2,44468.3,41695.4,76.6,34000.00%,63.50235723,2/7/2022
2/8/2022,44038,43833.9,45399.8,42705,92.88,4700.00%,64.52349088,2/8/2022
2/9/2022,44389,44038.2,44800.4,43163,50.92,8000.00%,60.04921846,2/9/2022
2/10/2022,43521,44388.9,45755.2,43242.5,89.69,-19600.00%,54.71572694,2/10/2022
2/11/2022,42388,43519.3,43915.1,42023.4,69.95,-26000.00%,53.8832657,2/11/2022
2/12/2022,42205,42388.4,43006.4,41776.8,37.88,-4300.00%,53.19740116,2/12/2022
2/13/2022,42061,42205.5,42725.1,41880.1,25.88,-3400.00%,55.27913722,2/13/2022
2/14/2022,42550,42061.1,42799.7,41591.3,53.6,11600.00%,62.58684267,2/14/2022
2/15/2022,44544,42550.3,44722.6,42460.1,56.34,46900.00%,59.14199295,2/15/2022
2/16/2022,43884,44540.9,44552.9,43377.6,41.4,-14800.00%,45.52327763,2/16/2022
2/17/2022,40553,43885.5,44167.1,40103.8,72.63,-75900.00%,43.72321564,2/17/2022
2/18/2022,40000,40532.5,40935.5,39505,64.96,-13600.00%,44.11054983,2/18/2022
2/19/2022,40090,40000.1,40434.3,39666.6,25.78,2300.00%,38.59566168,2/19/2022
2/20/2022,38355,40089.6,40120.3,38042.2,47.92,-43300.00%,34.96758477,2/20/2022
2/21/2022,37018,38355,39444.1,36868.9,91.82,-34900.00%,40.50814748,2/21/2022
2/22/2022,38248,37018.3,38414.9,36399.6,82.75,33200.00%,37.63614795,2/22/2022
2/23/2022,37225,38248.2,39194.5,37099.5,64.84,-26800.00%,42.42335872,2/23/2022
2/24/2022,38339,37250.2,39351.6,34357.4,180.47,29900.00%,45.91888749,2/24/2022
2/25/2022,39210,38339.2,39683.7,38042.6,83.78,22700.00%,45.59715223,2/25/2022
2/26/2022,39116,39221.6,40094.5,38639.1,41.55,-2400.00%,40.91088573,2/26/2022
2/27/2022,37689,39116.6,39838.5,37062.3,66.14,-36500.00%,58.57797546,2/27/2022
2/28/2022,43188,37707.2,43977.8,37458.9,108.07,145900.00%,61.36505584,2/28/2022
3/1/2022,44420,43187.2,44900.5,42876.6,90.67,28500.00%,59.5881675,3/1/2022
3/2/2022,43913,44420.3,45294.2,43361.3,80.82,-11400.00%,54.70903322,3/2/2022
3/3/2022,42463,43912.8,44077.2,41840.8,74.11,-33000.00%,45.5187687,3/3/2022
3/4/2022,39143,42463,42848.7,38594.9,3.21B,-78200.00%,46.25962972,3/4/2022
3/5/2022,39396,39142.8,39600.2,38626.1,1.50B,6500.00%,43.74523204,3/5/2022
3/6/2022,38403,39396.3,39668.1,38115,1.93B,-25200.00%,42.79173587,3/6/2022
3/7/2022,38025,38420.6,39532,37182.1,3.02B,-9900.00%,45.24010133,3/7/2022
3/8/2022,38745,38020.6,39351.5,37886.6,2.67B,18900.00%,54.51148371,3/8/2022
3/9/2022,41929,38731.5,42538.5,38663.3,3.60B,82200.00%,47.65371639,3/9/2022
3/10/2022,39416,41933.9,42029.1,38603.5,3.62B,-59900.00%,45.95415884,3/10/2022
3/11/2022,38730,39422.5,40177,38236.4,2.79B,-17400.00%,46.20714894,3/11/2022
3/12/2022,38814,38730.2,39355.3,38666.5,1.11B,2200.00%,43.536881,3/12/2022
3/13/2022,37792,38813.2,39272.3,37603.4,1.55B,-26300.00%,49.33412744,3/13/2022
3/14/2022,39671,37789.5,39914.3,37613.6,2.33B,49700.00%,48.24119433,3/14/2022
3/15/2022,39286,39673,39854.7,38220.9,2.25B,-9700.00%,53.52068763,3/15/2022
3/16/2022,41119,39282.5,41701.6,38953.2,4.47B,46700.00%,52.87428239,3/16/2022
3/17/2022,40915,41118.7,41406,40557.8,1.90B,-5000.00%,55.30505927,3/17/2022
3/18/2022,41768,40914.6,42308.4,40234.8,2.31B,20800.00%,56.61870494,3/18/2022
3/19/2022,42233,41768,42386,41529.6,224.59M,11100.00%,53.1559974,3/19/2022
3/20/2022,41276,42241,42301,40922,308.45M,-22700.00%,52.24275015,3/20/2022
3/21/2022,41022,41282,41532,40530,406.62M,-6200.00%,56.52150066,3/21/2022
3/22/2022,42373,41022,43327.9,40893,537.06M,32900.00%,58.13313388,3/22/2022
3/23/2022,42912,42373,43027,41795,433.96M,12700.00%,61.28960958,3/23/2022
3/24/2022,44013,42911,44251,42658,491.66M,25700.00%,62.17659624,3/24/2022
3/25/2022,44331,44013,45112,43622,494.09M,7200.00%,62.80294383,3/25/2022
3/26/2022,44548,44331,44818,44090,196.30M,4900.00%,68.73997138,3/26/2022
3/27/2022,46859,44542,46947,44445,388.79M,51900.00%,69.3016595,3/27/2022
3/28/2022,47105,46859,48199,46672,610.27M,5200.00%,70.11044496,3/28/2022
3/29/2022,47449,47126,48127,47029,478.82M,7300.00%,68.01244879,3/29/2022
3/30/2022,47075,47449,47714,46601,467.76M,-7900.00%,59.99914172,3/30/2022
3/31/2022,45525,47071,47624,45228,520.00M,-32900.00%,62.37679976,3/31/2022
4/1/2022,46297,45529,46728,44261,632.93M,17000.00%,59.96050979,4/1/2022
4/2/2022,45811,46299,47212,45641,345.93M,-10500.00%,61.90919115,4/2/2022
4/3/2022,46407,45813,47435,45554,398.86M,13000.00%,62.63859308,4/3/2022
4/4/2022,46629,46407,46899,45152,446.12M,4800.00%,56.72153099,4/4/2022
4/5/2022,45506,46614,47201,45388,421.11M,-24100.00%,46.82540266,4/5/2022
4/6/2022,43173,45494,45519,43122,649.52M,-51300.00%,47.97755725,4/6/2022
4/7/2022,43448,43166,43893,42747,390.85M,6400.00%,43.6345819,4/7/2022
4/8/2022,42275,43450,43979,42113,467.83M,-27000.00%,45.84874463,4/8/2022
4/9/2022,42767,42275,42809,42129,165.16M,11600.00%,43.49630034,4/9/2022
4/10/2022,42138,42760,43421,41884,255.83M,-14700.00%,35.30534134,4/10/2022
4/11/2022,39497,42144,42418,39202,608.38M,-62700.00%,38.06838199,4/11/2022
4/12/2022,40078,39507,40678,39265,468.27M,14700.00%,42.84209353,4/12/2022
4/13/2022,41133,40072,41515,39581,406.70M,26300.00%,39.15443203,4/13/2022
4/14/2022,39936,41133,41494,39585,294.29M,-29100.00%,41.95915033,4/14/2022
4/15/2022,40560,39936,40850,39781,233.09M,15600.00%,41.37328154,4/15/2022
4/16/2022,40382,40571,40691,40003,151.31M,-4400.00%,39.1288556,4/16/2022
4/17/2022,39703,40382,40599,39561,210.01M,-16800.00%,44.39183278,4/17/2022
4/18/2022,40803,39700,41095,38577,484.26M,27700.00%,47.50246705,4/18/2022
4/19/2022,41503,40809,41746,40585,268.28M,17200.00%,46.95692227,4/19/2022
4/20/2022,41368,41499,42203,40915,382.84M,-3300.00%,43.43155583,4/20/2022
4/21/2022,40482,41370,42969,39793,493.05M,-21400.00%,40.56976684,4/21/2022
4/22/2022,39709,40487,40792,39200,421.30M,-19100.00%,39.51420508,4/22/2022
4/23/2022,39418,39709,39973,39291,190.60M,-7300.00%,39.78093068,4/23/2022
4/24/2022,39464,39434,39929,39033,283.63M,1200.00%,45.22640479,4/24/2022
4/25/2022,40427,39464,40599,38233,654.60M,24400.00%,36.65012614,4/25/2022
4/26/2022,38113,40443,40770,37708,681.47M,-57200.00%,42.39483489,4/26/2022
4/27/2022,39243,38113,39447,37869,426.83M,29600.00%,44.80379229,4/27/2022
4/28/2022,39748,39243,40382,38888,542.39M,12900.00%,40.58051665,4/28/2022
4/29/2022,38581,39748,39919,38175,382.90M,-29400.00%,37.54035592,4/29/2022
4/30/2022,37650,38590,38776,37596,248.22M,-24100.00%,41.64179933,4/30/2022
5/1/2022,38461,37642,38676,37397,276.99M,21500.00%,41.91025734,5/1/2022
5/2/2022,38514,38472,39134,38061,580.79M,1400.00%,39.00791215,5/2/2022
5/3/2022,37718,38515,38647,37513,367.21M,-20700.00%,48.51130094,5/3/2022
5/4/2022,39688,37717,40021,37660,691.49M,52200.00%,38.26424439,5/4/2022
5/5/2022,36544,39686,39833,36183,1.04B,-79200.00%,36.83827113,5/5/2022
5/6/2022,36009,36540,36646,35267,752.84M,-14600.00%,35.40156208,5/6/2022
5/7/2022,35468,36003,36119,34773,288.86M,-15000.00%,31.91313874,5/7/2022
5/8/2022,34060,35468,35497,33727,671.05M,-39700.00%,24.57058056,5/8/2022
5/9/2022,30095,34041,34227,30095,268.09,-116400.00%,28.64188443,5/9/2022
5/10/2022,31008,30098.2,32621.2,29831,235.61,30300.00%,25.49317673,5/10/2022
5/11/2022,29068,31008,32113.6,27835.5,296.9,-62500.00%,25.35084753,5/11/2022
5/12/2022,28976,29073.4,30136.7,26500.5,309.48,-3200.00%,26.82379587,5/12/2022
5/13/2022,29284,28994.3,31002.7,28755,141.23,10600.00%,30.63323559,5/13/2022
5/14/2022,30080,29285.2,30277.4,28666.7,70.46,27200.00%,36.15925812,5/14/2022
5/15/2022,31309,30078.6,31383.8,29499.4,65.44,40800.00%,32.81486381,5/15/2022
5/16/2022,29849,31308.3,31312.4,29135.8,100.25,-46600.00%,35.4102885,5/16/2022
5/17/2022,30438,29856.7,30720.1,29484.5,79.63,19700.00%,31.50691516,5/17/2022
5/18/2022,28684,30437.5,30687.9,28648.1,92.03,-57600.00%,38.28219226,5/18/2022
5/19/2022,30306,28700.4,30525.1,28682.1,101.38,56600.00%,35.64389775,5/19/2022
5/20/2022,29179,30305.9,30735.1,28738.5,98.78,-37200.00%,36.71087775,5/20/2022
5/21/2022,29435,29188.7,29623.2,28953.9,32.27,8800.00%,40.2607338,5/21/2022
5/22/2022,30287,29433,30462,29260.1,50.6,28900.00%,37.11861335,5/22/2022
5/23/2022,29093,30287.3,30644.8,28913.6,92.1,-39400.00%,39.48695996,5/23/2022
5/24/2022,29649,29091.6,29810.8,28706.1,79.42,19100.00%,39.17828442,5/24/2022
5/25/2022,29541,29648.7,30202.3,29353.5,78.85,-3600.00%,38.17546288,5/25/2022
5/26/2022,29204,29537.9,29868.9,28077.9,126.71,-11400.00%,36.38103745,5/26/2022
5/27/2022,28601,29194,29377.1,28282.2,116.41,-20600.00%,38.57760625,5/27/2022
5/28/2022,29027,28620.1,29194.4,28537.2,43.87,14900.00%,40.83933476,5/28/2022
5/29/2022,29465,29027.1,29556.5,28838.7,36.87,15100.00%,50.88084685,5/29/2022
5/30/2022,31723,29465.2,32185.6,29307.2,129.56,76600.00%,51.15761855,5/30/2022
5/31/2022,31793,31730.2,32377.5,31221.2,86.6,2200.00%,43.61801504,5/31/2022
6/1/2022,29799,31793.1,31969.9,29396.6,135.09,-62700.00%,46.41999998,6/1/2022
6/2/2022,30456,29798.6,30638.5,29604.4,81.4,22000.00%,43.73047317,6/2/2022
6/3/2022,29701,30455.7,30674.8,29330.8,72.13,-24800.00%,44.4783982,6/3/2022
6/4/2022,29864,29700.9,29963.8,29489.5,33.51,5500.00%,44.71628764,6/4/2022
6/5/2022,29913,29865.1,30166.9,29539,30.33,1600.00%,51.37815799,6/5/2022
6/6/2022,31368,29911.2,31753.4,29888.6,94.01,48600.00%,50.30580765,6/6/2022
6/7/2022,31129,31370.3,31556.6,29235,140.32,-7600.00%,46.27176276,6/7/2022
6/8/2022,30202,31127.2,31312.1,29874.8,87.96,-29800.00%,45.8277561,6/8/2022
6/9/2022,30098,30202.1,30691.4,29953.8,61.72,-3400.00%,41.62929723,6/9/2022
6/10/2022,29083,30097.4,30325.6,28884.9,104.26,-33700.00%,39.04828073,6/10/2022
6/11/2022,28403,29083.3,29426.6,28161.8,82.92,-23400.00%,33.19168955,6/11/2022
6/12/2022,26606,28404,28534.8,26606.3,120.02,-63300.00%,24.16163457,6/12/2022
6/13/2022,22448,26606.3,26857.6,22006.3,379.26,-156300.00%,23.67616109,6/13/2022
6/14/2022,22157,22449.1,23200.3,20860.9,251.01,-12900.00%,25.99294801,6/14/2022
6/15/2022,22578,22137.5,22754.4,20125.8,280.41,19000.00%,22.21380143,6/15/2022
6/16/2022,20387,22577.9,22942.1,20231.1,144,-97100.00%,22.53488249,6/16/2022
6/17/2022,20445,20391.3,21315.4,20244.1,136.27,2800.00%,20.26983852,6/17/2022
6/18/2022,18987,20446.4,20744.7,17630.5,267.25,-71300.00%,28.68784374,6/18/2022
6/19/2022,20577,18983.4,20763.5,17983.7,169.39,83800.00%,28.6775899,6/19/2022
6/20/2022,20572,20576.9,20996.8,19658.8,140.6,-200.00%,29.48106238,6/20/2022
6/21/2022,20720,20571.6,21689.3,20371.7,136.32,7200.00%,27.76498542,6/21/2022
6/22/2022,19966,20720.2,20864.3,19780.2,125.94,-36400.00%,33.99356619,6/22/2022
6/23/2022,21101,19967.3,21189.8,19907.5,110.7,56800.00%,34.66705892,6/23/2022
6/24/2022,21227,21100.9,21488.7,20743.9,104.56,6000.00%,36.13193303,6/24/2022
6/25/2022,21490,21226.9,21553.4,20917.5,66.63,12400.00%,34.71060579,6/25/2022
6/26/2022,21044,21489.9,21837.4,20989.7,67.21,-20800.00%,33.70533963,6/26/2022
6/27/2022,20730,21037.7,21497.5,20568,84.69,-14900.00%,32.25710883,6/27/2022
6/28/2022,20278,20727.9,21200.2,20210.5,83.83,-21800.00%,31.71490177,6/28/2022
6/29/2022,20111,20278,20415.8,19880.7,98.97,-8200.00%,31.09472923,6/29/2022
6/30/2022,19927,20111.3,20155.1,18682.7,127.73,-9200.00%,28.89858582,6/30/2022
7/1/2022,19263,19926.6,20785.6,18980.1,150.18,-33300.00%,28.83253118,7/1/2022
7/2/2022,19243,19275.4,19425.4,19006.4,58.57,-1000.00%,29.41459566,7/2/2022
7/3/2022,19310,19243.4,19626.4,18794.4,65.27,3500.00%,36.92687922,7/3/2022
7/4/2022,20216,19310.6,20303.8,19052.5,92.79,46900.00%,36.85693947,7/4/2022
7/5/2022,20201,20215.8,20706.9,19315.4,122.43,-800.00%,39.80371522,7/5/2022
7/6/2022,20561,20180.4,20654.9,19785.3,105.24,17800.00%,47.67158126,7/6/2022
7/7/2022,21638,20557.9,21817.8,20282.7,115.81,52400.00%,47.50395202,7/7/2022
7/8/2022,21611,21637.1,22482.1,21207,439.9,-1200.00%,47.35120597,7/8/2022
7/9/2022,21588,21610.4,21944.1,21338.4,190.11,-1100.00%,42.59880844,7/9/2022
7/10/2022,20847,21587.4,21599.2,20689.7,204.68,-34300.00%,37.73332962,7/10/2022
7/11/2022,19963,20847.2,20855,19897,160.2,-42400.00%,34.68333881,7/11/2022
7/12/2022,19331,19963.2,20051.7,19279.6,167.91,-31700.00%,42.02204365,7/12/2022
7/13/2022,20250,19331.6,20250.8,18942.2,249.38,47500.00%,44.47826185,7/13/2022
7/14/2022,20586,20250,20862.2,19664.9,205.28,16600.00%,46.22344235,7/14/2022
7/15/2022,20825,20586.1,21178.1,20393.4,164.67,11600.00%,49.00417617,7/15/2022
7/16/2022,21210,20825.2,21561.3,20484.4,136.89,18500.00%,46.17252436,7/16/2022
7/17/2022,20786,21209.8,21654.4,20755.2,132.81,-20000.00%,57.12232197,7/17/2022
7/18/2022,22526,20785.6,22714.9,20770.6,279.72,83700.00%,61.41660103,7/18/2022
7/19/2022,23410,22529.3,23757.3,21581.8,308.91,39300.00%,59.98935056,7/19/2022
7/20/2022,23215,23412,24258,22944.4,281.31,-8300.00%,59.51577609,7/20/2022
7/21/2022,23153,23219.9,23403.8,22360.2,217.08,-2700.00%,55.85481094,7/21/2022
7/22/2022,22675,23150,23741.4,22524.2,197.54,-20600.00%,54.2387114,7/22/2022
7/23/2022,22460,22683.6,22991,21971.7,137.42,-9500.00%,55.03377164,7/23/2022
7/24/2022,22582,22449.8,22987.9,22281.3,126.66,5400.00%,46.00303642,7/24/2022
7/25/2022,21302,22582.3,22653.3,21275.4,206.93,-56700.00%,45.66886857,7/25/2022
7/26/2022,21249,21301.6,21322.3,20737.3,201.57,-2500.00%,56.61314826,7/26/2022
7/27/2022,22958,21248,23027.8,21047.5,242.66,80500.00%,61.02601418,7/27/2022
7/28/2022,23850,22957.7,24190.5,22611.6,268.32,38800.00%,60.4617574,7/28/2022
7/29/2022,23774,23850.2,24340,23451.4,221.66,-3200.00%,59.37270756,7/29/2022
7/30/2022,23634,23774.2,24605.3,23521.8,168.72,-5900.00%,56.76916811,7/30/2022
7/31/2022,23303,23634.2,24179.3,23236.2,138.84,-14000.00%,56.51116896,7/31/2022
8/1/2022,23271,23303.4,23484.4,22863.8,162.33,-1400.00%,54.17456565,8/1/2022
8/2/2022,22989,23271.1,23423.3,22670.8,177.3,-12100.00%,52.77459019,8/2/2022
8/3/2022,22821,22988.7,23623.7,22698.6,174.66,-7300.00%,51.00859296,8/3/2022
8/4/2022,22612,22822.2,23214.5,22438.7,181.19,-9100.00%,56.25801264,8/4/2022
8/5/2022,23308,22613.3,23447.6,22593.5,208.9,30800.00%,53.05614134,8/5/2022
8/6/2022,22944,23308.2,23344.4,22923.6,94.44,-15600.00%,54.81374565,8/6/2022
8/7/2022,23175,22944.2,23387.7,22852.3,99.36,10100.00%,59.36068757,8/7/2022
8/8/2022,23816,23175.3,24234.1,23160.6,197.94,27700.00%,53.3291193,8/8/2022
8/9/2022,23147,23818.1,23912,22886.5,169.62,-28100.00%,58.82473609,8/9/2022
8/10/2022,23963,23150.3,24209.9,22714.7,243.61,35300.00%,58.56987864,8/10/2022
8/11/2022,23935,23963.3,24873.5,23864,285.36,-1200.00%,61.54328429,8/11/2022
8/12/2022,24399,23935.3,24440.8,23616.4,194.96,19400.00%,61.82309098,8/12/2022
8/13/2022,24443,24398.9,24882.9,24318.7,170.59,1800.00%,60.31925011,8/13/2022
8/14/2022,24303,24442.1,24997.3,24172.2,177.25,-5700.00%,58.13287015,8/14/2022
8/15/2022,24102,24303.3,25205.7,23784.5,279.28,-8300.00%,55.49253544,8/15/2022
8/16/2022,23857,24102.6,24240.8,23693.8,201.7,-10200.00%,50.28250696,8/16/2022
8/17/2022,23338,23855.8,24423.5,23191.6,239.53,-21700.00%,49.00326507,8/17/2022
8/18/2022,23204,23337.7,23578,23131.3,160.97,-5800.00%,32.99457217,8/18/2022
8/19/2022,20831,23201.6,23202.3,20807.8,339.47,-102200.00%,35.92065478,8/19/2022
8/20/2022,21139,20830.7,21357.4,20784.8,206.94,14800.00%,39.41729558,8/20/2022
8/21/2022,21517,21138.9,21692.4,21077.4,177.52,17900.00%,38.80794413,8/21/2022
8/22/2022,21416,21516.8,21517.4,20912.1,251.83,-4700.00%,39.80999572,8/22/2022
8/23/2022,21517,21416.5,21661,20919.6,228.65,4700.00%,38.78075215,8/23/2022
8/24/2022,21365,21516.2,21832.3,21171.1,202.4,-7100.00%,40.94426368,8/24/2022
8/25/2022,21565,21365.4,21801.2,21324.8,190.15,9400.00%,32.74919959,8/25/2022
8/26/2022,20250,21564.2,21815.3,20122.4,322.16,-61000.00%,31.62934367,8/26/2022
8/27/2022,20034,20249.9,20343.6,19849.8,187.34,-10700.00%,29.21836348,8/27/2022
8/28/2022,19550,20034.2,20150.8,19542.9,159.6,-24100.00%,37.16824736,8/28/2022
8/29/2022,20296,19551.3,20394.5,19551.2,248.04,38100.00%,34.36554331,8/29/2022
8/30/2022,19793,20295.6,20558.2,19559.7,308.41,-24800.00%,36.92163261,8/30/2022
8/31/2022,20044,19793.4,20469.1,19793.4,318.17,12700.00%,37.77422075,8/31/2022
9/1/2022,20126,20049.9,20202.7,19584.4,275.08,4100.00%,36.64874816,9/1/2022
9/2/2022,19953,20131.6,20428.2,19764.7,272.22,-8600.00%,35.83782544,9/2/2022
9/3/2022,19831,19952.8,20043.8,19660.7,157.85,-6100.00%,37.88807565,9/3/2022
9/4/2022,20000,19832.2,20017.8,19594.7,158.27,8500.00%,36.35568855,9/4/2022
9/5/2022,19793,19999.9,20042.9,19650.7,238.71,-10300.00%,29.99917399,9/5/2022
9/6/2022,18786,19793.4,20169.3,18723.3,402.43,-50900.00%,35.94029622,9/6/2022
9/7/2022,19282,18786.3,19445.9,18548.4,319.1,26400.00%,36.35081142,9/7/2022
9/8/2022,19317,19281.5,19444.7,19034.5,291.43,1900.00%,54.66009995,9/8/2022
9/9/2022,21365,19318.8,21545.7,19294.1,480.37,106000.00%,56.53392324,9/9/2022
9/10/2022,21650,21363.8,21790.6,21139.9,331.12,13300.00%,57.75443166,9/10/2022
9/11/2022,21835,21650.4,21836.4,21363,297.12,8500.00%,61.29713238,9/11/2022
9/12/2022,22395,21836.6,22465.4,21581.6,431.98,25700.00%,45.14261522,9/12/2022
9/13/2022,20176,22395.3,22702.5,19909.6,485.32,-99100.00%,45.47041695,9/13/2022
9/14/2022,20223,20175.5,20503.7,19654.2,374.22,2300.00%,42.44277535,9/14/2022
9/15/2022,19702,20222.3,20321.4,19532.3,358.42,-25800.00%,43.22419759,9/15/2022
9/16/2022,19802,19701.9,19883,19352.9,315.59,5100.00%,45.70114002,9/16/2022
9/17/2022,20114,19802.8,20178.6,19761,204.58,15700.00%,41.37134654,9/17/2022
9/18/2022,19419,20113.9,20113.9,19347.7,273.11,-34500.00%,42.38630209,9/18/2022
9/19/2022,19539,19417.4,19666.6,18277.8,423.43,6200.00%,38.40642002,9/19/2022
9/20/2022,18872,19538.9,19626.3,18742.6,361.18,-34100.00%,36.29878968,9/20/2022
9/21/2022,18489,18875.1,19758.4,18191.8,446.85,-20300.00%,44.17991307,9/21/2022
9/22/2022,19404,18488.1,19490.9,18371,448.63,49500.00%,43.4834143,9/22/2022
9/23/2022,19294,19404.1,19477.3,18554.8,431.15,-5700.00%,41.14036206,9/23/2022
9/24/2022,18925,19288.4,19310.6,18812,258.5,-19100.00%,40.36591579,9/24/2022
9/25/2022,18803,18925.1,19125.1,18659.6,209.71,-6400.00%,44.28226876,9/25/2022
9/26/2022,19226,18803.1,19304.8,18695.2,516.03,22500.00%,43.23411225,9/26/2022
9/27/2022,19081,19228.8,20361.2,18850.4,660.12,-7500.00%,46.34671171,9/27/2022
9/28/2022,19411,19083.4,19757.8,18505.3,581.19,17300.00%,48.03892863,9/28/2022
9/29/2022,19593,19420.2,19631.5,18877.9,449.57,9400.00%,46.56169005,9/29/2022
9/30/2022,19423,19593.4,20174.9,19208.9,490.29,-8700.00%,45.5761957,9/30/2022
10/1/2022,19312,19422.9,19480.3,19172.6,173.91,-5700.00%,43.2662099,10/1/2022
10/2/2022,19052,19311.9,19389.9,18937.3,222.82,-13400.00%,49.3864927,10/2/2022
10/3/2022,19628,19057.6,19676,19001.3,333.03,30200.00%,55.7421721,10/3/2022
10/4/2022,20340,19629.7,20436.1,19506.4,368.17,36300.00%,53.87967091,10/4/2022
10/5/2022,20158,20340.5,20353.8,19761.7,352.76,-9000.00%,51.82035757,10/5/2022
10/6/2022,19957,20157.5,20436.7,19873.7,370.6,-10000.00%,47.66247418,10/6/2022
10/7/2022,19531,19962.4,20051.4,19352.1,263.5,-21300.00%,46.56680015,10/7/2022
10/8/2022,19415,19530.2,19612.2,19274.7,113.5,-6000.00%,46.86165809,10/8/2022
10/9/2022,19441,19416.3,19552.1,19329.6,127.53,1300.00%,43.79834025,10/9/2022
10/10/2022,19135,19441.7,19520.7,19057,243.77,-15800.00%,43.04571092,10/10/2022
10/11/2022,19059,19134.3,19261.3,18868.7,288.57,-3900.00%,44.34665048,10/11/2022
10/12/2022,19155,19058.5,19212.6,19010.6,242.18,5000.00%,47.38036352,10/12/2022
10/13/2022,19380,19154.6,19494.4,18207.9,455.13,11700.00%,45.05294884,10/13/2022
10/14/2022,19182,19379.8,19933.9,19098.6,400.45,-10200.00%,43.73262973,10/14/2022
10/15/2022,19069,19181.7,19218.7,19000.8,123.66,-5900.00%,46.61052438,10/15/2022
10/16/2022,19262,19068.8,19411.9,19066,140.95,10100.00%,50.63947077,10/16/2022
10/17/2022,19548,19262.2,19663.5,19163.6,248.4,14900.00%,47.66005118,10/17/2022
10/18/2022,19328,19548.4,19692.9,19102.8,290.07,-11300.00%,45.01524243,10/18/2022
10/19/2022,19124,19328.2,19358.6,19101.2,209.28,-10600.00%,43.97183507,10/19/2022
10/20/2022,19043,19125.1,19334.5,18935.6,253.2,-4200.00%,45.96990615,10/20/2022
10/21/2022,19163,19042.9,19245.5,18703.3,294.66,6300.00%,46.68653481,10/21/2022
10/22/2022,19205,19162.6,19249.9,19116.1,118.24,2200.00%,52.58804056,10/22/2022
10/23/2022,19571,19204.8,19680.9,19092.5,180.63,19100.00%,48.79001102,10/23/2022
10/24/2022,19332,19571.2,19588.6,19177.2,286.94,-12200.00%,58.84758796,10/24/2022
10/25/2022,20083,19331.8,20406.9,19249,371.54,38900.00%,65.519029,10/25/2022
10/26/2022,20770,20086.8,20981.5,20062.9,427.99,34200.00%,58.43553244,10/26/2022
10/27/2022,20293,20769.5,20867.9,20231.6,365.49,-22900.00%,61.28028921,10/27/2022
10/28/2022,20594,20293,20744,20058.2,318.9,14900.00%,63.2253935,10/28/2022
10/29/2022,20810,20594.2,21038.1,20561.9,276.54,10500.00%,60.44001569,10/29/2022
10/30/2022,20626,20809.4,20922.3,20522.5,207.63,-8800.00%,58.47977904,10/30/2022
10/31/2022,20496,20626,20822.4,20260,327.47,-6300.00%,58.29184118,10/31/2022
11/1/2022,20484,20496.1,20676.6,20348.1,302.72,-600.00%,53.22601916,11/1/2022
11/2/2022,20154,20482.9,20778.3,20065.8,420.23,-16100.00%,53.90579014,11/2/2022
11/3/2022,20206,20154,20384.5,20066.6,347.23,2600.00%,64.0709317,11/3/2022
11/4/2022,21146,20206.4,21281.9,20184.6,499.5,46500.00%,65.43333584,11/4/2022
11/5/2022,21302,21145.7,21464.7,21084.1,261.23,7400.00%,59.42848721,11/5/2022
11/6/2022,20916,21298.7,21360.4,20901,242.26,-18100.00%,54.83730785,11/6/2022
11/7/2022,20589,20916.3,21055.4,20410.5,414.24,-15600.00%,35.9675584,11/7/2022
11/8/2022,18527,20589,20667.5,17260,865.1,-100100.00%,24.3938903,11/8/2022
11/9/2022,15887,18538.9,18583.8,15603.3,869.57,-142500.00%,38.20045562,11/9/2022
11/10/2022,17589,15887,18138.2,15799.3,720.74,107100.00%,35.96084489,11/10/2022
11/11/2022,17050,17589.1,17679.4,16435.5,466.35,-30700.00%,34.91783739,11/11/2022
11/12/2022,16795,17049.9,17100.8,16633.9,192.91,-14900.00%,33.01703082,11/12/2022
11/13/2022,16325,16803.9,16946.5,16274.9,210.8,-28000.00%,35.34758915,11/13/2022
11/14/2022,16614,16325,17158.4,15834,442.46,17700.00%,37.6202386,11/14/2022
11/15/2022,16895,16615,17112,16543.9,337.15,16900.00%,35.90778818,11/15/2022
11/16/2022,16541,16895.4,16993.4,16408.2,295.73,-21000.00%,37.21199311,11/16/2022
11/17/2022,16691,16540.5,16739.7,16425.8,257,9100.00%,36.92607412,11/17/2022
11/18/2022,16638,16715.4,16846.3,16553,241.96,-3200.00%,37.5210949,11/18/2022
11/19/2022,16699,16652.2,16814.9,16608.9,114.89,3700.00%,35.11181313,11/19/2022
11/20/2022,16287,16699.3,16749.3,16209.2,172.83,-24700.00%,32.33825636,11/20/2022
11/21/2022,15776,16278.6,16287.9,15504.2,372.15,-31300.00%,36.92679037,11/21/2022
11/22/2022,16213,15776.6,16274.6,15620.4,287.21,27700.00%,40.98066357,11/22/2022
11/23/2022,16624,16216.9,16677.6,16162.3,305.08,25300.00%,40.82254024,11/23/2022
11/24/2022,16601,16604.9,16785.6,16472,229.59,-1400.00%,40.17653462,11/24/2022
11/25/2022,16512,16600.6,16611.8,16360.9,204.07,-5400.00%,39.75782184,11/25/2022
11/26/2022,16457,16512.3,16686.3,16387.9,194.94,-3400.00%,39.5078959,11/26/2022
11/27/2022,16426,16456.4,16595.4,16414.6,173.25,-1900.00%,37.74399812,11/27/2022
11/28/2022,16212,16426.1,16481.4,16013.5,284.84,-13000.00%,40.77775076,11/28/2022
11/29/2022,16440,16211.9,16531.4,16100.1,271.58,14100.00%,49.23704679,11/29/2022
11/30/2022,17164,16440.8,17215.5,16433.2,348.22,44000.00%,47.30719538,11/30/2022
12/1/2022,16972,17163.4,17244.7,16868.9,266.14,-11200.00%,48.68355438,12/1/2022
12/2/2022,17094,16972.2,17096.2,16799.9,227.01,7200.00%,46.44537925,12/2/2022
12/3/2022,16885,17093.4,17132.6,16862.1,169.29,-12200.00%,49.18971152,12/3/2022
12/4/2022,17113,16884.8,17198.1,16881.6,197.12,13500.00%,47.51077397,12/4/2022
12/5/2022,16967,17106.9,17395.2,16886.9,268.72,-8500.00%,49.07494219,12/5/2022
12/6/2022,17089,16966.3,17101.1,16914.9,246.19,7200.00%,46.00137527,12/6/2022
12/7/2022,16835,17089.4,17126.7,16715.3,244.36,-14900.00%,51.08053953,12/7/2022
12/8/2022,17226,16835.2,17294.2,16765.8,261.64,23200.00%,49.79061305,12/8/2022
12/9/2022,17126,17225.6,17288.6,17082.1,260.84,-5800.00%,49.80426394,12/9/2022
12/10/2022,17127,17125.7,17220.5,17105.7,148.81,100.00%,49.31335133,12/10/2022
12/11/2022,17093,17127,17262.9,17080.6,167.2,-2000.00%,51.09959916,12/11/2022
12/12/2022,17210,17093.2,17232.5,16878.5,249.39,6800.00%,58.71883135,12/12/2022
12/13/2022,17779,17210.9,17951.6,17094.5,328.71,33000.00%,58.92475219,12/13/2022
12/14/2022,17796,17778.6,18351.8,17682.1,318.98,1000.00%,51.73198625,12/14/2022
12/15/2022,17356,17796.4,17846.1,17298.2,263.44,-24700.00%,42.5111616,12/15/2022
12/16/2022,16630,17356.7,17518.5,16542.4,303.56,-41900.00%,44.66196036,12/16/2022
12/17/2022,16777,16629,16794.4,16587,164.49,8900.00%,44.22558554,12/17/2022
12/18/2022,16741,16777,16825.7,16666.5,124.29,-2100.00%,40.66028791,12/18/2022
12/19/2022,16441,16741.1,16809.5,16331.2,207.93,-17900.00%,47.65831049,12/19/2022
12/20/2022,16903,16441.3,17031.3,16400.7,284.57,28100.00%,46.74593253,12/20/2022
12/21/2022,16832,16902.7,16919.4,16735,174.34,-4200.00%,46.59709446,12/21/2022
12/22/2022,16821,16831.8,16862.2,16566.1,198.28,-700.00%,45.99492137,12/22/2022
12/23/2022,16779,16820.5,16910.7,16768,184.12,-2500.00%,47.01326202,12/23/2022
12/24/2022,16837,16778.6,16855.8,16777.8,110.12,3500.00%,46.93110476,12/24/2022
12/25/2022,16832,16835.7,16852.9,16733,132.89,-300.00%,48.59506708,12/25/2022
12/26/2022,16918,16831.8,16936.1,16799.4,133.36,5100.00%,44.86090182,12/26/2022
12/27/2022,16706,16918.2,16964,16610.1,192.18,-12500.00%,42.22379674,12/27/2022
12/28/2022,16546,16705.9,16781.1,16474.2,217.96,-9600.00%,44.21043865,12/28/2022
12/29/2022,16636,16546.2,16659.1,16496.6,181.47,5500.00%,43.68914277,12/29/2022
12/30/2022,16607,16636.4,16644.4,16360,192.76,-1800.00%,42.38985276,12/30/2022
12/31/2022,16537,16607.2,16635.9,16487.3,130.44,-4200.00%,44.4485827,12/31/2022
1/1/2023,16618,16537.5,16621.9,16499.7,107.84,4900.00%,45.8883066,1/1/2023
1/2/2023,16674,16618.4,16766.9,16551,136.03,3400.00%,45.8883066,1/2/2023
1/3/2023,16674,16673.1,16773.2,16607.2,178.73,0.00%,50.60728818,1/3/2023
1/4/2023,16852,16674.2,16976.5,16656.5,247.39,10700.00%,50.02659667,1/4/2023
1/5/2023,16830,16852.2,16877.9,16772.3,178.96,-1300.00%,53.2068524,1/5/2023
1/6/2023,16951,16829.8,17012.3,16707.6,233.47,7200.00%,52.99673136,1/6/2023
1/7/2023,16944,16950.9,16979.6,16909.7,110.48,-400.00%,57.51396808,1/7/2023
1/8/2023,17119,16943.6,17119,16913.8,144.84,10400.00%,58.99333436,1/8/2023
1/9/2023,17180,17119,17390.8,17107.1,301.24,3600.00%,64.62548937,1/9/2023
1/10/2023,17439,17180.1,17491,17151.7,247.14,15100.00%,72.51949956,1/10/2023
1/11/2023,17942,17440.5,17989.8,17323.9,291.53,28900.00%,80.84045258,1/11/2023
1/12/2023,18851,17941,19055.3,17915.5,522.01,50700.00%,86.1763213,1/12/2023
1/13/2023,19927,18850.8,19981.6,18723.8,426.67,57100.00%,89.2621306,1/13/2023
1/14/2023,20958,19926.9,21185.6,19898.6,458.21,51700.00%,87.66769976,1/14/2023
1/15/2023,20880,20956,21032.2,20585.7,205.8,-3700.00%,88.52779953,1/15/2023
1/16/2023,21184,20880.1,21416.8,20698.9,337.46,14600.00%,87.51159923,1/16/2023
1/17/2023,21137,21184.4,21506.4,20926.2,310.04,-2200.00%,77.95670538,1/17/2023
1/18/2023,20671,21137.1,21584.1,20448.3,388.67,-22100.00%,80.02334883,1/18/2023
1/19/2023,21081,20670.6,21169.4,20669.7,275.76,19900.00%,85.65954122,1/19/2023
1/20/2023,22677,21074.9,22718.5,20879.3,373.74,75700.00%,85.92482094,1/20/2023
1/21/2023,22776,22677.5,23304.5,22461.1,382.69,4300.00%,84.76493408,1/21/2023
1/22/2023,22708,22775.7,23068.7,22323,280.64,-3000.00%,85.41354729,1/22/2023
1/23/2023,22916,22709,23161.8,22527.9,327.85,9100.00%,80.39825928,1/23/2023
1/24/2023,22633,22916.3,23156.1,22517.1,334.17,-12300.00%,82.08730266,1/24/2023
1/25/2023,23055,22632.5,23779,22366.3,388.18,18700.00%,81.38931078,1/25/2023
1/26/2023,23016,23055.2,23259.5,22869,320.97,-1700.00%,81.64360349,1/26/2023
1/27/2023,23075,23016,23480.3,22602.9,310.36,2500.00%,80.69766488,1/27/2023
1/28/2023,23028,23074.6,23182.3,22889.8,156.96,-2000.00%,83.8131637,1/28/2023
1/29/2023,23753,23023.5,23952.9,22973.3,320.86,31500.00%,68.65358114,1/29/2023
1/30/2023,22832,23746,23794,22560,339.62,-38800.00%,70.48270945,1/30/2023
1/31/2023,23125,22832.2,23262.9,22724.9,289.38,12800.00%,73.8530158,1/31/2023
2/1/2023,23726,23124.7,23784.5,22809.6,333.18,26000.00%,69.60892846,2/1/2023
2/2/2023,23428,23726.2,24207.2,23398.1,382.86,-12600.00%,69.62785108,2/2/2023
2/3/2023,23431,23429.1,23694.1,23233.8,349.36,200.00%,68.0015488,2/3/2023
2/4/2023,23324,23431.2,23571.8,23269.8,170.27,-4600.00%,62.31746241,2/4/2023
2/5/2023,22936,23326.9,23423.4,22766.5,217.26,-16600.00%,59.89940514,2/5/2023
2/6/2023,22762,22936,23130.6,22633.7,278.58,-7600.00%,64.12145327,2/6/2023
2/7/2023,23252,22761.8,23338.8,22748.2,318.98,21500.00%,60.12824991,2/7/2023
2/8/2023,22965,23251.7,23425.1,22691.7,289.12,-12300.00%,47.2011513,2/8/2023
2/9/2023,21793,22964.6,23003.6,21744.6,425.44,-51000.00%,45.77245199,2/9/2023
2/10/2023,21635,21792.5,21933.6,21491.7,352.79,-7200.00%,48.17799205,2/10/2023
2/11/2023,21860,21627.4,21902.9,21605.3,182.07,10400.00%,47.44265469,2/11/2023
2/12/2023,21787,21859.9,22080.7,21653.1,211.65,-3300.00%,47.29357108,2/12/2023
2/13/2023,21773,21782.7,21887.5,21418.7,312.04,-700.00%,52.21425564,2/13/2023
2/14/2023,22199,21776.9,22308.6,21556.2,378.39,19600.00%,68.19527124,2/14/2023
2/15/2023,24328,22198.5,24330.9,22050.8,401.53,95900.00%,60.17388691,2/15/2023
2/16/2023,23540,24328.1,25233.8,23525.9,484.5,-32400.00%,65.85015396,2/16/2023
2/17/2023,24574,23538.2,24984.7,23373,523.85,43900.00%,66.13667956,2/17/2023
2/18/2023,24631,24573.5,24838.9,24457,223.77,2400.00%,62.86788799,2/18/2023
2/19/2023,24303,24631.3,25175.2,24273.7,312.64,-13300.00%,65.84430069,2/19/2023
2/20/2023,24840,24302.8,25085.4,23868.6,363.02,22100.00%,61.96923028,2/20/2023
2/21/2023,24451,24839.5,25236.8,24160.8,395.97,-15700.00%,59.41366624,2/21/2023
2/22/2023,24187,24450.7,24474.3,23593.4,400.24,-10800.00%,57.00658807,2/22/2023
2/23/2023,23936,24186.6,24590.4,23637.9,417.46,-10300.00%,50.47839118,2/23/2023
2/24/2023,23192,23936.4,24123.4,22970.3,367.99,-31100.00%,50.26177489,2/24/2023
2/25/2023,23166,23191.3,23215.3,22777.4,198.35,-1100.00%,53.5093214,2/25/2023
2/26/2023,23559,23166.1,23671.8,23066,209.12,16900.00%,52.89417507,2/26/2023
2/27/2023,23494,23558.7,23876.2,23166.8,297.65,-2700.00%,49.47359021,2/27/2023
2/28/2023,23131,23494,23595,23033.8,275.1,-15500.00%,53.98479782,2/28/2023
3/1/2023,23642,23130.6,23914.1,23025.3,328.77,22100.00%,52.24477755,3/1/2023
3/2/2023,23465,23642.2,23780.5,23208.7,249.26,-7500.00%,42.89829259,3/2/2023
3/3/2023,22354,23465.6,23473.4,22051.9,344.63,-47300.00%,42.84628255,3/3/2023
3/4/2023,22347,22354.7,22403.7,22167.4,123.93,-300.00%,43.69693263,3/4/2023
3/5/2023,22428,22347.1,22636.7,22213.5,160.57,3600.00%,43.54184205,3/5/2023
3/6/2023,22410,22428.2,22595.4,22320.1,215.31,-800.00%,41.66613199,3/6/2023
3/7/2023,22198,22410.1,22535.1,21968.6,304.75,-9500.00%,37.65339386,3/7/2023
3/8/2023,21711,22197.8,22274.3,21661.3,316.51,-21900.00%,29.25005326,3/8/2023
3/9/2023,20362,21710.8,21826.5,20079.6,468.76,-62100.00%,28.21937796,3/9/2023
3/10/2023,20157,20362,20362.6,19591.8,655.27,-10100.00%,32.12675256,3/10/2023
3/11/2023,20468,20156.5,20669.5,19796.7,453.46,15400.00%,47.29656158,3/11/2023
3/12/2023,21995,20465,22028.6,20294.2,455.69,74600.00%,60.49243978,3/12/2023
3/13/2023,24114,21994.8,24406.2,21859.6,733.63,96400.00%,63.23399579,3/13/2023
3/14/2023,24700,24121.5,26365.9,23994.6,753.06,24300.00%,60.04107256,3/14/2023
3/15/2023,24283,24699.6,25108.9,23932.4,614.31,-16900.00%,63.47515072,3/15/2023
3/16/2023,25004,24283.2,25139,24147.9,462.58,29700.00%,72.04449267,3/16/2023
3/17/2023,27392,25004.4,27742.2,24900.1,674.96,95500.00%,68.58314535,3/17/2023
3/18/2023,26915,27391.9,27659.1,26688.7,392.47,-17400.00%,71.77897736,3/18/2023
3/19/2023,27959,26914.5,28347.3,26844.6,393.27,38800.00%,70.03006947,3/19/2023
3/20/2023,27721,27958.9,28457.8,27157,503.9,-8500.00%,71.27468371,3/20/2023
3/21/2023,28114,27719.8,28437.8,27350.6,438.78,14200.00%,64.97489022,3/21/2023
3/22/2023,27262,28114.2,28760.3,26668.7,262.03,-30300.00%,68.64908225,3/22/2023
3/23/2023,28311,27262.8,28734.1,27144.6,158.46,38500.00%,62.89816394,3/23/2023
3/24/2023,27462,28306.9,28374.5,27026.5,110.36,-30000.00%,62.95327735,3/24/2023
3/25/2023,27476,27462.2,27761.9,27176.7,61.36,500.00%,64.94790508,3/25/2023
3/26/2023,27974,27474.9,28153.7,27429.1,60.64,18100.00%,59.1366911,3/26/2023
3/27/2023,27130,27974.8,28023.3,26611.5,107.24,-30200.00%,59.74336507,3/27/2023
3/28/2023,27262,27127.8,27465,26665.6,94.16,4900.00%,64.43080304,3/28/2023
3/29/2023,28350,27262.9,28627.4,27249.8,109.32,39900.00%,62.13904682,3/29/2023
3/30/2023,28030,28350.3,29160.4,27716.7,122.51,-11300.00%,64.04975517,3/30/2023
3/31/2023,28474,28029.3,28646.3,27587.5,98.44,15800.00%,63.90894348,3/31/2023
4/1/2023,28456,28473.7,28795.1,28285.6,38.09,-600.00%,61.81134987,4/1/2023
4/2/2023,28198,28456.1,28522.8,27871.7,45.04,-9100.00%,58.63049788,4/2/2023
4/3/2023,27802,28194.7,28458.4,27256.9,98,-14100.00%,60.62525951,4/3/2023
4/4/2023,28164,27802.2,28429.1,27668.9,64.06,13000.00%,60.68165988,4/4/2023
4/5/2023,28174,28164.4,28744.4,27823.5,77.32,300.00%,59.42579039,4/5/2023
4/6/2023,28037,28173.5,28173.5,27734.5,51.29,-4900.00%,58.22283847,4/6/2023
4/7/2023,27910,28037.6,28102.5,27779.4,30.94,-4500.00%,58.44396966,4/7/2023
4/8/2023,27941,27910.4,28153.1,27863.8,23.73,1100.00%,61.19804009,4/8/2023
4/9/2023,28327,27941.2,28522.7,27809.2,39.35,13800.00%,68.78260105,4/9/2023
4/10/2023,29641,28326.5,29755.4,28182.9,85.73,46400.00%,71.1362247,4/10/2023
4/11/2023,30150,29641,30375.1,29597.8,113.05,17200.00%,,4/11/2023
4/12/2023,29886.4,30209.8,30473,29679.5,78.69,-1.07%,0,4/12/2023
4/13/2023,30387.4,29892.4,30524.1,29864.5,65.87,1.68%,0,4/13/2023
4/14/2023,30472.5,30387.4,30964.9,30026,98.38,0.28%,0,4/14/2023
4/15/2023,30299.6,30472.6,30586.5,30208.8,31.71,-0.57%,0,4/15/2023
4/16/2023,30310.3,30299.2,30545.3,30134.6,34.48,0.04%,0,4/16/2023
4/17/2023,29434.9,30310.8,30312.2,29274,71.9,-2.89%,0,4/17/2023
4/18/2023,30382.2,29434.1,30470.1,29149.2,76.58,3.22%,0,4/18/2023
4/19/2023,28813.7,30382.2,30408.4,28641.1,111.27,-5.16%,0,4/19/2023
4/20/2023,28240.5,28813.7,29082.1,28032.4,95.45,-1.99%,0,4/20/2023
4/21/2023,27264.8,28240.5,28353.4,27171.1,98.72,-3.46%,0,4/21/2023
4/22/2023,27813.9,27264.8,27872,27165.7,44.3,2.01%,0,4/22/2023
4/23/2023,27591.4,27813.8,27815,27388.5,41.77,-0.80%,0,4/23/2023
4/24/2023,27509.3,27591.4,27978.8,27054.3,66.74,-0.30%,0,4/24/2023
4/25/2023,28298.8,27510.1,28375.6,27201.1,65.31,2.87%,0,4/25/2023
4/26/2023,28424.6,28298.8,29995.7,27307.8,164.31,0.44%,0,4/26/2023
4/27/2023,29475.9,28424.5,29859.8,28392.4,121.63,3.70%,0,4/27/2023
4/28/2023,29321.8,29475.9,29587.2,28927.8,69.88,-0.52%,0,4/28/2023
4/29/2023,29234.1,29318.4,29425.5,29058.5,25.72,-0.30%,0,4/29/2023
4/30/2023,29252.1,29235.1,29941.3,29095,47.62,0.06%,0,4/30/2023
5/1/2023,28077.6,29252.1,29329.6,27685.9,84.36,-4.02%,0,5/1/2023
5/2/2023,28669.1,28079,28877.4,27913.2,65.33,2.11%,0,5/2/2023
5/3/2023,29023.6,28669.1,29244.7,28164.4,81.22,1.24%,0,5/3/2023
5/4/2023,28842.1,29023.6,29352.7,28687.4,53.8,-0.63%,0,5/4/2023
5/5/2023,29513.2,28842.2,29653.9,28825.3,74.52,2.33%,0,5/5/2023
5/6/2023,28857.1,29512.8,29816.4,28414.9,58.94,-2.22%,0,5/6/2023
5/7/2023,28424.8,28857.1,29122,28419.6,36.5,-1.50%,0,5/7/2023
5/8/2023,27670.5,28424.8,28627.8,27280.3,85.72,-2.65%,0,5/8/2023
5/9/2023,27634.9,27670.5,27816,27366.3,49.75,-0.13%,0,5/9/2023
5/10/2023,27603.3,27634.3,28311.7,26885.7,91.45,-0.11%,0,5/10/2023
5/11/2023,26983.5,27604.3,27607.4,26766.2,62.85,-2.25%,0,5/11/2023
5/12/2023,26799.2,26983.1,27044,25853.1,87.49,-0.68%,0,5/12/2023
5/13/2023,26777.5,26798.7,27011.9,26695.6,27.95,-0.08%,0,5/13/2023
5/14/2023,26920,26777.4,27176.1,26609.9,26.35,0.53%,0,5/14/2023
5/15/2023,27183.9,26920.4,27651.7,26752.1,53.27,0.98%,0,5/15/2023
5/16/2023,27035.3,27183.9,27295.3,26881.9,45.29,-0.55%,0,5/16/2023
5/17/2023,27403.1,27035.5,27465.3,26597.7,58.14,1.36%,0,5/17/2023
5/18/2023,26828,27403.8,27467,26449.8,63.39,-2.10%,0,5/18/2023
5/19/2023,26882.9,26828.2,27154.7,26711.3,36.67,0.20%,0,5/19/2023
5/20/2023,27116.2,26883,27147.2,26831.3,17.72,0.87%,0,5/20/2023
5/21/2023,26749.9,27116.2,27257.1,26677.6,27.42,-1.35%,0,5/21/2023
5/22/2023,26847.3,26749.9,27048.9,26546.1,35.56,0.36%,0,5/22/2023
5/23/2023,27220.7,26851.6,27448.1,26804.1,50.89,1.39%,0,5/23/2023
5/24/2023,26328.4,27220.7,27220.7,26088.7,72.65,-3.28%,0,5/24/2023
5/25/2023,26475.8,26327.1,26589.2,25892.5,50.17,0.56%,0,5/25/2023
5/26/2023,26711.5,26475.5,26911.6,26330,45.88,0.89%,0,5/26/2023
5/27/2023,26857.5,26711.2,26882.9,26591.2,18.68,0.55%,0,5/27/2023
5/28/2023,28071.2,26855.3,28181.9,26788.5,55.23,4.52%,0,5/28/2023
5/29/2023,27739.4,28068.4,28431.2,27548.8,54.56,-1.18%,0,5/29/2023
5/30/2023,27698.2,27738.9,28033.6,27583.8,45.19,-0.15%,0,5/30/2023
5/31/2023,27216.1,27696.9,27825,26865.1,63.08,-1.74%,0,5/31/2023
6/1/2023,26819,27216.4,27340.9,26662.3,51.98,-1.46%,0,6/1/2023
6/2/2023,27244.7,26819,27299.4,26541.3,49.37,1.59%,0,6/2/2023
6/3/2023,27072,27246,27317.5,26931.4,20.62,-0.63%,0,6/3/2023
6/4/2023,27122.3,27070.9,27410.2,26956.1,23.81,0.19%,0,6/4/2023
6/5/2023,25747.4,27122.3,27125.5,25437.5,85.42,-5.07%,0,6/5/2023
6/6/2023,27230.2,25745.6,27325.2,25425.6,88.61,5.76%,0,6/6/2023
6/7/2023,26342.5,27230.2,27342,26141,77.48,-3.26%,0,6/7/2023
6/8/2023,26501.1,26341.8,26784.4,26231.3,39.95,0.60%,0,6/8/2023
6/9/2023,26479.3,26501.1,26773.9,26326.7,38.96,-0.08%,0,6/9/2023
6/10/2023,25844,26479.3,26525.1,25468.3,83.57,-2.40%,0,6/10/2023
6/11/2023,25928.4,25843.3,26190.1,25660.8,39.2,0.33%,0,6/11/2023
6/12/2023,25906.8,25927.9,26080.7,25635,40.75,-0.08%,0,6/12/2023
6/13/2023,25929.4,25906.9,26428.9,25726.4,56.24,0.09%,0,6/13/2023
6/14/2023,25129.5,25929,26051.7,24847.4,60.82,-3.08%,0,6/14/2023
6/15/2023,25591.3,25129.5,25732.8,24838,68.38,1.84%,0,6/15/2023
6/16/2023,26341.3,25591.9,26472.8,25276,69.24,2.93%,0,6/16/2023
6/17/2023,26515,26341.3,26767.3,26183.5,35.86,0.66%,0,6/17/2023
6/18/2023,26339.7,26515,26679.3,26290.6,27.31,-0.66%,0,6/18/2023
6/19/2023,26845.9,26339.7,27029.7,26295.1,46.45,1.92%,0,6/19/2023
6/20/2023,28307.7,26845.9,28393,26665.5,100.55,5.44%,0,6/20/2023
6/21/2023,29996.9,28307.7,30769.5,28270.5,143.49,5.97%,0,6/21/2023
6/22/2023,29890.5,29992.8,30497.8,29590.4,79.22,-0.35%,0,6/22/2023
6/23/2023,30679.4,29890.2,31395.4,29822.6,98.85,2.64%,0,6/23/2023
6/24/2023,30533.6,30680.7,30795.3,30269.4,38.15,-0.48%,0,6/24/2023
6/25/2023,30465.3,30533.6,31040.2,30315.8,37.12,-0.22%,0,6/25/2023
6/26/2023,30267,30466.3,30645.9,29986.3,58.71,-0.65%,0,6/26/2023
6/27/2023,30689.1,30267,30993.7,30231.3,55.82,1.39%,0,6/27/2023
6/28/2023,30078.6,30691.9,30703.4,29919.5,51.06,-1.99%,0,6/28/2023
6/29/2023,30445.7,30077.3,30823.1,30051.3,49.57,1.22%,0,6/29/2023
6/30/2023,30472.9,30445.7,31275.5,29714.5,118.65,0.09%,0,6/30/2023
7/1/2023,30586.8,30472.9,30649.9,30329,22.46,0.37%,0,7/1/2023
7/2/2023,30617.7,30587.1,30769,30227.9,28.82,0.10%,0,7/2/2023
7/3/2023,31151.3,30617.5,31377,30581.5,56.49,1.74%,0,7/3/2023
7/4/2023,30768.4,31152,31326.5,30657.8,42.12,-1.23%,0,7/4/2023
7/5/2023,30512.8,30768.6,30875.6,30233.3,43.23,-0.83%,0,7/5/2023
7/6/2023,29913.1,30512.8,31463.6,29869,90.81,-1.97%,0,7/6/2023
7/7/2023,30346.4,29912.7,30442,29757.4,46.42,1.45%,0,7/7/2023
7/8/2023,30288.8,30346.8,30379.9,30055.9,17.41,-0.19%,0,7/8/2023
7/9/2023,30166.9,30288.8,30425.5,30071.9,20.05,-0.40%,0,7/9/2023
7/10/2023,30415.3,30166.9,31019.6,29969.1,55.24,0.82%,0,7/10/2023
7/11/2023,30623.3,30414.2,30782.2,30333.8,39.84,0.68%,0,7/11/2023
7/12/2023,30387.3,30623.3,30951.3,30231.7,54.06,-0.77%,0,7/12/2023
7/13/2023,31466.1,30387.3,31764.5,30260,99.81,3.55%,0,7/13/2023
7/14/2023,30317.4,31465.4,31602.6,29944.3,82.42,-3.65%,0,7/14/2023
7/15/2023,30291.4,30316.8,30395.4,30246.9,17.06,-0.09%,0,7/15/2023
7/16/2023,30235.5,30291.8,30435,30075.4,20.31,-0.18%,0,7/16/2023
7/17/2023,30139.7,30235.5,30335.9,29693.3,42.84,-0.32%,0,7/17/2023
7/18/2023,29866.8,30139.7,30242.4,29624.6,42.4,-0.91%,0,7/18/2023
7/19/2023,29909.7,29866.7,30185.5,29789.3,34.96,0.14%,0,7/19/2023
7/20/2023,29801,29909.7,30408,29621.4,50.33,-0.36%,0,7/20/2023
7/21/2023,29903.1,29801,30058.9,29739.9,32.59,0.34%,0,7/21/2023
7/22/2023,29788.9,29904.5,29988,29657.3,18.47,-0.38%,0,7/22/2023
7/23/2023,30085.9,29788.9,30337,29735.7,23.32,1.00%,0,7/23/2023
7/24/2023,29178.1,30085.9,30098.2,28890.7,55.73,-3.02%,0,7/24/2023
7/25/2023,29228.6,29178.3,29365.4,29058.7,29.05,0.17%,0,7/25/2023
7/26/2023,29352.2,29228.8,29681.8,29109.7,44.33,0.42%,0,7/26/2023
7/27/2023,29222.7,29352.9,29568.8,29094,30.42,-0.44%,0,7/27/2023
7/28/2023,29315,29222.7,29533,29125.1,31.42,0.32%,0,7/28/2023
7/29/2023,29353.5,29315,29400.1,29256.9,13.9,0.13%,0,7/29/2023
7/30/2023,29281.7,29354.2,29446.6,29054.5,20.58,-0.24%,0,7/30/2023
7/31/2023,29232.4,29282,29502.3,29128.3,31.84,-0.17%,0,7/31/2023
8/1/2023,29712.2,29232.3,29712.2,28611,64.01,1.64%,0,8/1/2023
8/2/2023,29173.7,29711.8,30025.9,28961.6,67.41,-1.81%,0,8/2/2023
8/3/2023,29189.3,29180.9,29409.8,28981,36.08,0.05%,0,8/3/2023
8/4/2023,29105.5,29189.1,29319.1,28875.8,31.43,-0.29%,0,8/4/2023
8/5/2023,29068.1,29105.6,29139.3,28983,14.55,-0.13%,0,8/5/2023
8/6/2023,29081.3,29067.9,29198.9,28987.4,16.03,0.05%,0,8/6/2023
8/7/2023,29204.2,29081.3,29270.2,28721,41.19,0.42%,0,8/7/2023
8/8/2023,29777.4,29204.2,30168.6,29137.7,62.57,1.96%,0,8/8/2023
8/9/2023,29578,29771.3,30104,29384.2,49.67,-0.67%,0,8/9/2023
8/10/2023,29449,29578,29719.4,29377.5,32,-0.44%,0,8/10/2023
8/11/2023,29420.8,29448.9,29544.9,29271.2,27.71,-0.10%,0,8/11/2023
8/12/2023,29428.2,29420.8,29480.8,29375.4,11.07,0.02%,0,8/12/2023
8/13/2023,29300.1,29428.2,29468.5,29272.3,13.49,-0.44%,0,8/13/2023
8/14/2023,29426.7,29300.1,29689,29116,39.3,0.43%,0,8/14/2023
8/15/2023,29195.3,29426.7,29472,29118.6,33.81,-0.79%,0,8/15/2023
8/16/2023,28726.3,29195.3,29251.1,28717.6,43.71,-1.61%,0,8/16/2023
8/17/2023,26635.7,28726.1,28771.8,25489.4,132.92,-7.28%,0,8/17/2023
8/18/2023,26053.2,26635.7,26801.9,25691,93.05,-2.19%,0,8/18/2023
8/19/2023,26099.4,26053.3,26262.2,25799.5,33.04,0.18%,0,8/19/2023
8/20/2023,26190.8,26099.5,26269.1,25998.5,24,0.35%,0,8/20/2023
8/21/2023,26126,26190.8,26220.9,25850.8,41.1,-0.25%,0,8/21/2023
8/22/2023,26039.9,26126.8,26138.8,25481.9,47.72,-0.33%,0,8/22/2023
8/23/2023,26436.2,26042,26807.7,25812.6,60.96,1.52%,0,8/23/2023
8/24/2023,26177,26436.2,26560.5,25943.6,41.04,-0.98%,0,8/24/2023
8/25/2023,26057.2,26176.1,26265.7,25811.6,39.96,-0.46%,0,8/25/2023
8/26/2023,26017.1,26057.2,26114.1,25993.5,12.09,-0.15%,0,8/26/2023
8/27/2023,26100.6,26017.1,26176.8,25968.7,14.29,0.32%,0,8/27/2023
8/28/2023,26118.9,26100.6,26215.7,25891,28.84,0.07%,0,8/28/2023
8/29/2023,27723.9,26118.1,28046,25919.8,98.32,6.14%,0,8/29/2023
8/30/2023,27298.8,27723.9,27757.3,27043.2,46.54,-1.53%,0,8/30/2023
8/31/2023,25937.3,27300.6,27464.5,25731,69.11,-4.99%,0,8/31/2023
9/1/2023,25803.2,25938.3,26144.9,25361.9,58.08,-0.52%,0,9/1/2023
9/2/2023,25869.7,25803.5,25977.4,25752.7,21.24,0.26%,0,9/2/2023
9/3/2023,25971,25869.7,26090.4,25816.6,21.36,0.39%,0,9/3/2023
9/4/2023,25823.3,25971,26094.2,25660.9,27.13,-0.57%,0,9/4/2023
9/5/2023,25790.2,25824.4,25864,25596.3,28.4,-0.13%,0,9/5/2023
9/6/2023,25758,25790.1,26018.4,25411.7,37.78,-0.13%,0,9/6/2023
9/7/2023,26249.8,25758,26417.7,25626.5,39.77,1.91%,0,9/7/2023
9/8/2023,25909.5,26248.5,26415.4,25701.6,41.01,-1.30%,0,9/8/2023
9/9/2023,25901.1,25909.5,25938.5,25814.3,13.48,-0.03%,0,9/9/2023
9/10/2023,25840.2,25901.1,25995.1,25626.7,23.6,-0.24%,0,9/10/2023
9/11/2023,25166.4,25840.2,25897.4,24923.1,56.32,-2.61%,0,9/11/2023
9/12/2023,25834.5,25166.4,26472.6,25133.5,78.71,2.65%,0,9/12/2023
9/13/2023,26223,25836.1,26382.3,25766.9,42.58,1.50%,0,9/13/2023
9/14/2023,26524.7,26223,26760.3,26148.6,53.82,1.15%,0,9/14/2023
9/15/2023,26601,26523.3,26837.4,26233.1,36.47,0.29%,0,9/15/2023
9/16/2023,26562,26599.9,26769,26463.5,18.45,-0.15%,0,9/16/2023
9/17/2023,26529.1,26562,26614.4,26408.7,16.57,-0.12%,0,9/17/2023
9/18/2023,26763.5,26530.3,27413.3,26405.2,63.35,0.88%,0,9/18/2023
9/19/2023,27209.2,26759,27480.7,26672.2,52.17,1.67%,0,9/19/2023
9/20/2023,27125,27209.2,27378.6,26851.8,47.23,-0.31%,0,9/20/2023
9/21/2023,26570,27125.2,27155.6,26382.3,47.81,-2.05%,0,9/21/2023
9/22/2023,26581.9,26569.5,26736.4,26488.5,28.79,0.04%,0,9/22/2023
9/23/2023,26579.2,26581.7,26636.2,26517.5,12.92,-0.01%,0,9/23/2023
9/24/2023,26251.5,26579,26727.6,26162.2,22.32,-1.23%,0,9/24/2023
9/25/2023,26302.7,26251.6,26423.6,26013.6,38.2,0.20%,0,9/25/2023
9/26/2023,26218.9,26303.1,26396.2,26093.4,26.41,-0.32%,0,9/26/2023
9/27/2023,26366.1,26218.9,26836.9,26109.1,50.8,0.56%,0,9/27/2023
9/28/2023,27022.6,26368.2,27283.6,26339.4,64.56,2.49%,0,9/28/2023
9/29/2023,26909.8,27022.6,27229.5,26728.8,42.24,-0.42%,0,9/29/2023
9/30/2023,26962.7,26908.1,27085.7,26887.5,17.55,0.20%,0,9/30/2023
10/1/2023,27974.5,26962.5,28038.4,26955.7,35.11,3.75%,0,10/1/2023
10/2/2023,27505.3,27974.6,28556.6,27325.2,84.3,-1.68%,0,10/2/2023
10/3/2023,27428.4,27501.6,27670.8,27194.1,44.06,-0.28%,0,10/3/2023
10/4/2023,27790.9,27428.7,27832.7,27242.5,40.93,1.32%,0,10/4/2023
10/5/2023,27410.3,27783.5,28089.1,27371.7,46.26,-1.37%,0,10/5/2023
10/6/2023,27936.9,27410.3,28223.6,27195.7,52.51,1.92%,0,10/6/2023
10/7/2023,27961.1,27935.5,28021.3,27859,17.29,0.09%,0,10/7/2023
10/8/2023,27922.7,27961.1,28097.5,27714.4,24.11,-0.14%,0,10/8/2023
10/9/2023,27581.4,27922.7,27986.4,27279.5,44.81,-1.22%,0,10/9/2023
10/10/2023,27391,27581.5,27728.1,27300.1,34.32,-0.69%,0,10/10/2023
10/11/2023,26876.6,27391.9,27475.9,26558.4,55.78,-1.88%,0,10/11/2023
10/12/2023,26761.1,26878.2,26942.8,26565.3,32.75,-0.43%,0,10/12/2023
10/13/2023,26863.5,26761.1,27114.8,26682.9,33.66,0.38%,0,10/13/2023
10/14/2023,26852.8,26863.5,26975.7,26805.1,13.56,-0.04%,0,10/14/2023
10/15/2023,27161.2,26852.8,27286.9,26812.6,21.95,1.15%,0,10/15/2023
10/16/2023,28509.7,27161.2,29969.5,27119.7,119.18,4.96%,0,10/16/2023
10/17/2023,28403.6,28508.3,28608.5,28096.9,53.42,-0.37%,0,10/17/2023
10/18/2023,28321.7,28405.2,28876,28169,45.01,-0.29%,0,10/18/2023
10/19/2023,28723,28321.8,28883.8,28170.2,50.1,1.42%,0,10/19/2023
10/20/2023,29674.5,28724,30165.9,28586.1,82.68,3.31%,0,10/20/2023
10/21/2023,29912.9,29674.7,30264.8,29469.1,34.68,0.80%,0,10/21/2023
10/22/2023,29984.2,29912.7,30193.4,29713.6,29.07,0.24%,0,10/22/2023
10/23/2023,33041.8,29984.2,34375.6,29891.4,133.46,10.20%,0,10/23/2023
10/24/2023,33917,33037.3,35191.4,32866.5,159.08,2.65%,0,10/24/2023
10/25/2023,34496.8,33917,35123.9,33713.4,75.81,1.71%,0,10/25/2023
10/26/2023,34153.7,34497.6,34826,33749.9,56.62,-0.99%,0,10/26/2023
10/27/2023,33901.8,34153.7,34245.8,33423.6,47.33,-0.74%,0,10/27/2023
10/28/2023,34082.6,33901.6,34387.8,33867.3,22,0.53%,0,10/28/2023
10/29/2023,34526.7,34082.6,34737.9,33937.6,27.72,1.30%,0,10/29/2023
10/30/2023,34477.9,34526.7,34853.3,34089.5,45.2,-0.14%,0,10/30/2023
10/31/2023,34650.6,34478.9,34704.6,34053.9,43.4,0.50%,0,10/31/2023
11/1/2023,35423.8,34648.3,35557.5,34138.7,71.66,2.23%,0,11/1/2023
11/2/2023,34931.4,35423.8,35907.6,34357.4,63.66,-1.39%,0,11/2/2023
11/3/2023,34718.7,34931.4,34940.6,34124.2,54.54,-0.61%,0,11/3/2023
11/4/2023,35065.8,34718.6,35242.2,34601.1,23.8,1.00%,0,11/4/2023
11/5/2023,35019.4,35065.8,35360.2,34550,31.02,-0.13%,0,11/5/2023
11/6/2023,35042,35020.3,35275.6,34742.9,29.81,0.06%,0,11/6/2023
11/7/2023,35426.1,35042.1,35877.9,34536.9,53.49,1.10%,0,11/7/2023
11/8/2023,35636.9,35426.2,36050.2,35148.8,46.33,0.60%,0,11/8/2023
11/9/2023,36700.5,35636.9,37942,35578.1,115.56,2.98%,0,11/9/2023
11/10/2023,37303,36700.5,37496.1,36347.2,59.56,1.64%,0,11/10/2023
11/11/2023,37150.5,37306.3,37401.3,36767.6,29.53,-0.41%,0,11/11/2023
11/12/2023,37064.4,37149,37215.3,36761.9,21.45,-0.23%,0,11/12/2023
11/13/2023,36478.3,37067.8,37404.6,36358.4,44.55,-1.58%,0,11/13/2023
11/14/2023,35549.3,36478.3,36744.5,34984.3,63.56,-2.55%,0,11/14/2023
11/15/2023,37874.9,35549.3,37954.1,35379.6,75.51,6.54%,0,11/15/2023
11/16/2023,36161.2,37873.9,37907.6,35561.6,66.92,-4.52%,0,11/16/2023
11/17/2023,36595.4,36161.8,36690.6,35875.2,51.37,1.20%,0,11/17/2023
11/18/2023,36568.6,36617.5,36845.2,36220.6,20.88,-0.07%,0,11/18/2023
11/19/2023,37354.2,36568.6,37504.6,36393.3,26.14,2.15%,0,11/19/2023
11/20/2023,37454.1,37356.6,37735.6,36857.6,51.8,0.27%,0,11/20/2023
11/21/2023,35813.6,37452.7,37631.2,35799.2,71.07,-4.38%,0,11/21/2023
11/22/2023,37410.8,35797.5,37862.5,35695.6,64.81,4.46%,0,11/22/2023
11/23/2023,37293.1,37410.8,37642.5,36915.3,32.35,-0.31%,0,11/23/2023
11/24/2023,37717.3,37295,38400.8,37257.4,65.83,1.14%,0,11/24/2023
11/25/2023,37787,37718.6,37887.4,37599.9,16.09,0.18%,0,11/25/2023
11/26/2023,37451.8,37786.4,37819.1,37166.3,29.2,-0.89%,0,11/26/2023
11/27/2023,37248.6,37451.8,37563.3,36751.5,45.24,-0.54%,0,11/27/2023
11/28/2023,37823.3,37244.3,38379.4,36881.1,57.5,1.54%,0,11/28/2023
11/29/2023,37855.5,37823.3,38362.9,37607.6,49.34,0.09%,0,11/29/2023
11/30/2023,37712.9,37857.6,38144.4,37509.2,33.53,-0.38%,0,11/30/2023
12/1/2023,38688.2,37712.9,38950.8,37618.3,62.5,2.59%,0,12/1/2023
12/2/2023,39458.4,38688.2,39673.4,38646.5,37.09,1.99%,0,12/2/2023
12/3/2023,39970.2,39456.8,40178.9,39280.3,35.27,1.30%,0,12/3/2023
12/4/2023,41987.8,39968.6,42394.4,39968.6,104.21,5.05%,0,12/4/2023
12/5/2023,44076.2,41989.6,44424.1,41424.9,96.84,4.97%,0,12/5/2023
12/6/2023,44012,44076.2,44144.5,43466.7,102.38,-0.15%,0,12/6/2023
6/8/2024,69361,"69,403",69618,69257,1230,-0.06%,0,
6/7/2024,69403,"70,836",71912,68674,1730,-2.02%,0,
6/6/2024,70836,"71,101",71651,70156,670,-0.37%,0,
6/5/2024,71101,"70,604",71717,70409,860,0.70%,0,
6/4/2024,70604,"68,859",71071,68608,800,2.53%,88.0715255,
6/3/2024,68859,"67,816",70276,67636,1200,1.54%,83.02974789,
6/2/2024,67816,"67,759",68444,67349,180,0.08%,82.75094558,
6/1/2024,67759,"67,582",67890,67463,240,0.26%,81.83204371,
5/31/2024,67582,"68,413",69028,66700,820,-1.21%,82.79785276,
5/30/2024,68413,"67,720",69523,67202,700,1.02%,79.02502706,
5/29/2024,67720,"68,434",68971,67225,630,-1.04%,80.03446203,
5/28/2024,68434,"69,492",69597,67400,900,-1.52%,81.45841587,
5/27/2024,69492,"68,585",70678,68313,1110,1.32%,76.42615433,
5/26/2024,68585,"69,334",69556,68261,440,-1.08%,77.65384583,
5/25/2024,69334,"68,604",69635,68589,480,1.06%,73.62913891,
5/24/2024,68604,"68,058",69308,66733,640,0.80%,70.67851946,
5/23/2024,68058,"69,225",70095,66555,1280,-1.69%,73.15476437,
5/22/2024,69225,"70,148",70647,69000,760,-1.32%,74.95621822,
5/21/2024,70148,"71,428",71921,69210,1370,-1.79%,77.23745177,
5/20/2024,71428,"66,339",71479,66166,2260,7.67%,55.56606702,
5/19/2024,66339,"66,995",67800,65989,280,-0.98%,57.23191217,
5/18/2024,66995,"67,182",67473,66677,190,-0.28%,57.71853486,
5/17/2024,67182,"65,314",67540,65220,920,2.86%,51.42406868,
5/16/2024,65314,"66,320",66780,64715,880,-1.52%,54.31365588,
5/15/2024,66320,"61,668",66500,61440,1650,7.54%,41.90098346,
5/14/2024,61668,"62,986",63175,61239,860,-2.09%,45.68812423,
5/13/2024,62986,"61,612",63535,60866,660,2.23%,42.57261528,
5/12/2024,61612,"60,929",61962,60723,440,1.12%,41.0732635,
5/11/2024,60929,"60,807",61588,60576,660,0.20%,40.7968725,
5/10/2024,60807,"63,209",63606,60300,1670,-3.80%,48.18922436,
5/9/2024,63209,"61,343",63509,60778,880,3.04%,43.63137279,
5/8/2024,61343,"62,432",63111,61020,760,-1.74%,46.79416341,
5/7/2024,62432,"63,280",64480,62378,440,-1.34%,49.18514552,
5/6/2024,63280,"64,173",65625,62812,860,-1.39%,51.64925775,
5/5/2024,64173,"63,983",64769,63034,710,0.30%,51.08168461,
5/4/2024,63983,"62,978",64644,62690,460,1.60%,48.07248193,
5/3/2024,62978,"59,247",63429,58914,2890,6.30%,38.90866458,
5/2/2024,59247,"58,457",59732,57082,2230,1.35%,37.28784852,
5/1/2024,58457,"60,836",60991,56756,3900,-3.91%,44.7516299,
4/30/2024,60836,"63,960",64800,59372,1960,-4.88%,52.71084167,
4/29/2024,63960,"63,226",64304,61949,1010,1.16%,50.85700657,
4/28/2024,63226,"63,574",64470,62924,370,-0.55%,51.72391075,
4/27/2024,63574,"63,874",64028,62498,1130,-0.47%,52.5017922,
4/26/2024,63874,"64,555",64838,63376,720,-1.05%,54.3018661,
4/25/2024,64555,"64,345",65348,62846,930,0.33%,53.62694495,
4/24/2024,64345,"66,458",67153,63667,910,-3.18%,59.13116094,
4/23/2024,66458,"66,894",67234,65904,510,-0.65%,60.18139824,
4/22/2024,66894,"64,992",67282,64581,1080,2.93%,53.69854268,
4/21/2024,64992,"65,045",65744,64310,490,-0.08%,53.84773523,
4/20/2024,65045,"63,867",65465,63174,830,1.84%,49.99200098,
4/19/2024,63867,"63,529",65487,59698,2280,0.53%,48.90983971,
4/18/2024,63529,"61,375",64159,60932,1660,3.51%,42.58357621,
4/17/2024,61375,"63,874",64534,59840,2280,-3.91%,50.57149678,
4/16/2024,63874,"63,488",64415,61765,1800,0.61%,49.427636,
4/15/2024,63488,"65,793",66888,62386,2490,-3.50%,55.84963159,
4/14/2024,65793,"64,039",65909,62190,2530,2.74%,50.58550658,
4/13/2024,64039,"67,061",67878,61604,4320,-4.51%,57.94103701,
4/12/2024,67061,"70,104",71291,65625,2750,-4.34%,63.78653952,
4/11/2024,70104,"70,688",71352,69650,1410,-0.83%,64.79772223,
4/10/2024,70688,"69,165",71241,67606,2390,2.20%,60.08288012,
4/9/2024,69164,"71,675",71751,68253,2830,-3.50%,64.64721476,
4/8/2024,71675,"69,343",72761,69040,3090,3.36%,58.01271768,
4/7/2024,69343,"68,880",70222,68821,550,0.67%,56.76707962,
4/6/2024,68880,"67,819",69673,67491,520,1.56%,53.91040779,
4/5/2024,67819,"68,518",68718,65993,1680,-1.02%,55.49923883,
4/4/2024,68518,"65,967",69320,65074,2230,3.87%,48.87710048,
4/3/2024,65967,"65,495",66931,64603,1430,0.72%,47.74201597,
4/2/2024,65495,"69,691",69691,64667,3470,-6.02%,57.24728886,
4/1/2024,69691,"71,402",71402,68198,2560,-2.40%,60.40957601,
3/31/2024,71402,"69,683",71444,69652,1210,2.47%,55.93328302,
3/30/2024,69683,"69,862",70301,69632,310,-0.26%,56.29643749,
3/29/2024,69862,"70,776",70892,69015,1470,-1.29%,58.19108092,
3/28/2024,70776,"69,467",71557,68932,1570,1.88%,54.54407583,
3/27/2024,69467,"70,011",71610,68452,4200,-0.78%,55.78430055,
3/26/2024,70011,"69,824",71402,69347,1870,0.27%,55.22649254,
3/25/2024,69824,"67,283",70983,66397,4660,3.78%,48.17696619,
3/24/2024,67283,"64,034",67655,63827,2020,5.02%,41.04095076,
3/23/2024,64069,"63,828",65969,63059,1310,0.38%,40.55585691,
3/22/2024,63828,"65,577",66712,62336,3150,-2.67%,45.58277911,
3/21/2024,65577,"67,912",68229,64639,3360,-3.44%,51.48179513,
3/20/2024,67912,"62,072",68155,60900,4530,9.41%,39.84719176,
3/19/2024,62072,"67,606",68136,61689,6980,-8.19%,51.12016809,
3/18/2024,67606,"68,456",68940,66648,2320,-1.24%,52.589834,
3/17/2024,68456,"65,304",68922,64593,3700,4.83%,46.95220058,
3/16/2024,65304,"69,514",70070,65000,3390,-5.98%,53.95592698,
3/15/2024,69457,"71,364",72413,65705,5080,-2.67%,56.77782834,
3/14/2024,71364,"72,985",73666,68602,3480,-2.21%,59.05914151,
3/13/2024,72974,"71,237",73588,71172,3070,2.44%,55.64661747,
3/12/2024,71237,"71,937",72760,68429,6890,-0.97%,56.73164773,
3/11/2024,71937,"68,948",72606,67096,7120,4.34%,50.99503471,
3/10/2024,68948,"68,205",69850,68048,2930,1.09%,49.65101429,
3/9/2024,68205,"68,010",68458,67724,1830,0.27%,49.29884443,
3/8/2024,68018,"66,744",69838,66100,4670,1.91%,46.8602415,
3/7/2024,66744,"66,073",67953,65641,2190,1.02%,45.58136258,
3/6/2024,66073,"63,818",67658,62805,4510,3.53%,41.48391546,
3/5/2024,63818,"68,110",68874,59858,9330,-6.30%,50.58835501,
3/4/2024,68110,"63,121",68161,62489,5450,7.90%,42.3415904,
3/3/2024,63121,"61,962",63229,61402,1720,1.87%,40.68240735,
3/2/2024,61962,"62,346",62406,61584,1370,-0.62%,41.50033146,
3/1/2024,62346,"61,148",63000,60783,2510,1.96%,39.66284708,
2/29/2024,61148,"62,380",63566,60385,4100,-1.97%,42.48321191,
2/28/2024,62380,"56,998",63780,56668,6630,9.44%,34.82497266,
2/27/2024,56998,"54,417",57487,54388,4500,4.74%,31.85896516,
2/26/2024,54417,"51,716",54720,50903,4390,5.22%,29.06880049,
2/25/2024,51716,"51,630",51956,51307,1280,0.17%,28.98176796,
2/24/2024,51630,"50,734",51724,50590,980,1.77%,28.03982622,
2/23/2024,50734,"51,287",51537,50527,1050,-1.08%,29.56146404,
2/22/2024,51287,"51,856",52042,50903,1870,-1.10%,31.17412347,
2/21/2024,51856,"52,168",52279,50600,2230,-0.60%,32.09220027,
2/20/2024,52168,"51,732",52872,50714,2600,0.84%,31.46064486,
2/19/2024,51732,"52,061",52466,51650,1190,-0.63%,32.53948161,
2/18/2024,52061,"51,631",52449,51165,910,0.83%,31.8341931,
2/17/2024,51631,"52,130",52153,50611,1390,-0.96%,33.6319542,
2/16/2024,52130,"51,893",52579,51580,1270,0.46%,33.18431233,
2/15/2024,51893,"51,778",52700,51280,2440,0.22%,32.95510134,
2/14/2024,51778,"49,777",52005,49319,3070,4.02%,29.17851264,
2/13/2024,49777,"49,947",50349,48388,2430,-0.34%,29.91336277,
2/12/2024,49947,"48,321",50283,47699,4360,3.36%,27.02497596,
2/11/2024,48321,"47,800",48500,47613,1310,1.09%,26.15356527,
2/10/2024,47800,"47,150",48185,46900,730,1.38%,25.06756477,
2/9/2024,47150,"45,279",48182,45247,2800,4.13%,22.20885299,
2/8/2024,45279,"44,328",45541,44328,1670,2.15%,20.90395065,
2/7/2024,44328,"43,101",44351,42788,1740,2.85%,19.32617075,
2/6/2024,43101,"42,707",43375,42574,710,0.92%,18.83457268,
2/5/2024,42707,"42,583",43540,42247,1040,0.29%,18.67358149,
2/4/2024,42583,"43,004",43109,42332,630,-0.98%,21.13824634,
2/3/2024,43004,"43,201",43366,42892,290,-0.46%,22.32450412,
2/2/2024,43201,"43,088",43477,42560,780,0.26%,22.11897445,
2/1/2024,43088,"42,594",43272,41880,940,1.16%,21.20008452,
1/31/2024,42594,"42,956",43722,42304,1290,-0.84%,23.70147198,
1/30/2024,42956,"43,309",43840,42700,1110,-0.80%,26.10884227,
1/29/2024,43301,"42,047",43301,41833,1160,2.98%,23.2387102,
1/28/2024,42047,"42,125",42808,41637,940,-0.19%,23.79982533,
1/27/2024,42125,"41,821",42204,41405,470,0.73%,23.09135321,
1/26/2024,41821,"40,001",42192,39877,2730,4.55%,19.37316001,
1/25/2024,40001,"40,140",40333,39556,2300,-0.35%,20.42700412,
1/24/2024,40140,"39,938",40590,39533,1880,0.51%,20.01752814,
1/23/2024,39938,"39,599",40215,38572,2780,0.86%,19.31766768,
1/22/2024,39599,"41,679",41775,39461,3150,-4.99%,34.45895198,
1/21/2024,41679,"41,778",41945,41588,1240,-0.24%,35.0834004,
1/20/2024,41778,"41,714",41942,41525,1510,0.14%,34.87017506,
1/19/2024,41719,"41,337",42212,40364,1550,0.92%,33.45254679,
1/18/2024,41337,"42,778",42932,40704,1380,-3.37%,42.88535528,
1/17/2024,42778,"43,163",43215,42237,800,-0.89%,45.12344677,
1/16/2024,43163,"42,508",43588,42107,700,1.54%,42.10080935,
1/15/2024,42508,"41,737",43359,41705,930,1.85%,38.80564936,
1/14/2024,41737,"42,847",43075,41719,1100,-2.59%,45.42795979,
1/13/2024,42847,"42,831",43250,42441,1040,0.04%,45.35177397,
1/12/2024,42831,"46,377",46508,41574,3780,-7.65%,60.97311359,
1/11/2024,46377,"46,636",48750,45650,5420,-0.56%,61.83132639,
1/10/2024,46636,"46,113",47572,44352,5050,1.13%,59.0094421,
1/9/2024,46113,"46,941",47845,45133,3870,-1.76%,61.9687147,
1/8/2024,46941,"43,960",47205,43244,3830,6.78%,48.41648574,
1/7/2024,43960,"44,005",44500,43638,570,-0.10%,48.59922972,
1/6/2024,44005,"44,189",44263,43461,740,-0.42%,49.38876062,
1/5/2024,44189,"44,221",44415,42746,1890,-0.07%,49.5339436,
1/4/2024,44221,"42,869",44798,42673,1850,3.15%,43.81514984,
1/3/2024,42869,"44,991",45559,40499,4190,-4.72%,52.98904856,
1/2/2024,44991,"44,175",45892,44175,3100,1.85%,49.63295319,
1/1/2024,44175,"42,323",44190,42232,1160,4.38%,42.97952743,
12/31/2023,42323,"42,199",42938,42023,660,0.29%,42.56807035,
12/30/2023,42199,"42,139",42664,41585,670,0.14%,42.3567701,
12/29/2023,42139,"42,617",43168,41433,1640,-1.12%,44.71134957,
12/28/2023,42617,"43,476",43793,42388,1090,-1.98%,48.76184786,
12/27/2023,43476,"42,568",43666,42178,1020,2.13%,45.00829614,
12/26/2023,42568,"43,641",43649,41772,1990,-2.46%,49.91478018,
12/25/2023,43641,"43,026",43880,42784,840,1.43%,47.30934526,
12/24/2023,43026,"43,801",43975,42700,790,-1.77%,50.79490411,
12/23/2023,43801,"44,038",44068,43342,660,-0.54%,51.8440127,
12/22/2023,44038,"43,890",44444,43480,990,0.34%,51.11114759,
12/21/2023,43890,"43,662",44250,43363,1170,0.52%,49.93994688,
12/20/2023,43662,"42,315",44336,42245,2180,3.18%,43.58553312,
12/19/2023,42315,"42,672",43429,41850,960,-0.84%,45.5625505,
12/18/2023,42672,"41,406",42753,40556,1460,3.06%,40.18445779,
12/17/2023,41406,"42,328",42442,41304,1110,-2.18%,45.25278011,
12/16/2023,42328,"41,961",42746,41714,650,0.87%,43.6667167,
12/15/2023,41961,"43,064",43106,41742,1010,-2.56%,49.4061278,
12/14/2023,43064,"42,924",43434,41601,1670,0.33%,48.7275278,
12/13/2023,42924,"41,501",43424,40682,1450,3.43%,42.35898427,
12/12/2023,41501,"41,287",42113,40733,900,0.52%,41.48095688,
12/11/2023,41287,"43,809",43840,40286,3000,-5.76%,53.66936024,
12/10/2023,43809,"43,749",44065,43625,940,0.14%,53.38448447,
12/9/2023,43749,"44,173",44362,43629,1280,-0.96%,55.19440949,
12/8/2023,44173,"43,290",44699,43101,1960,2.04%,50.7731713,
12/7/2023,43290,"43,814",44091,42881,2940,-1.20%,53.17047912,
12/6/2023,43814,"44,112",44285,43444,5130,-0.68%,,
